Admin Web|.
Marco Nardini|Università degli studi Milano-Bicocca
Sylvio Klose|Thüringer Landessternwarte
Patricia Schady|MPE Garching
Sandra Savaglio|MPE Garching
Jochen Greiner|MPE Garching
Peter Veres|Pennsylvania State University
Frederic Piron|LUPM, Montpellier (CNRS/IN2P3)
Gordon Nyabade|Go Fishnet Project
Utsav Kandel|Nepal Astronomical Society (NASO)
Arne Rau|MPE Garching
Maria G. Uribe|University of California Santa Cruz
Robert Wagner|Max-Planck-Institut für Physik
Felix Mirabel|CEA-France & Conicet-Argentina
Thomas Cline|Goddard Emeritus
Utsab Raj Shrestha|Astrophysics and Cosmology Research Group, Tribhuvan University
Szabolcs Marka|Columbia University
Alessandra Corsi|Caltech
Antonino Cucchiara|UCSC/UCO Lick
Binbin Zhang|Penn State University
Davide Lazzati|North Carolina State University
Philipp Baerwald|Universität Würzburg
Sinead McGlynn|Excellenzcluster Universe
Hans Ulrich Kaeufl|European Southern Observatory
Markus Ahlers|UW Madison
Rafail Aptekar|Ioffe Physical Technical Institute
Valentin Pal'shin|Ioffe Physical-Technical Institute of the Russian Academy of Sciences
Paul Connell|University of Valencia
Shigehiro Nagataki|YITP, Kyoto University
Stefan Immler|NASA/CRESST Goddard Space Flight Center
Rupal Basak|Tata Institute of Fundamental Research, Mumbai
Saman Moradian Jahoudbejari|University of Guilan
Saman Moradian Jahoudbejari|University of Guilan
Klaas Wiersema|University of Leicester
Peter Curran|CEA-Saclay
Md Tofiz Uddin|National Institute of Cancer Research and Hospital
Karen Lloyd|ASU
Sergey Moiseenko|Space Research Institute
Melvyn Davies|Lund Observatory
Alexey Bobrick|Lund Observatory
Ross Church|Lund
Thomas Kruehler|Dark Cosmology Center
Dirk Grupe|Pennsylvania State University
Istvan Horvath|Research Centre for Astronomy and Earth Sciences
Judith Racusin|NASA/GSFC
Kevin Hurley|UC Berkeley
Johan Fynbo|Niels Bohr Institute
Nial Tanvir|University of Leicester
Xihao Deng|The Pennsylvania State University
Xin Liping|NAOC
Andreas von Kienlin|MPE Garching
Frederic Daigne|Institut d'Astrophysique de Paris (IAP)
Rob Preece|University of Alabama in Huntsville
Suzanne Foley|University College Dublin
Chadia Kanaan|Observatoire de la Cote d' Azur
Konstantinos Sapountzis|National University of Athens
Maria Petropoulou|National and Kapodistrian University of Athens
Paul O'Brien|University of Leicester
Fabio De Colle|University of California at Santa Cruz
Xiaohong Zhao|Yunnan astronomical observatory, CAS, China
Dorottya Szécsi|Research Centre for Astronomy and Earth Sciences
Christoph Winkler|ESA-ESTEC
Maria Celeste Artale|Instituto de Astronomía y Física del Espacio
Eda Sonbas|Adiyaman University
Sybille Rodriguez-Schneider|MPP
Walid Azzam|University of Bahrain
Moti R. Dugair|Mohanlal Sukhadia University, Udaipur, Rajasthan, INDIA.
Zsolt Bagoly|Research Centre for Astronomy and Earth Sciences
David Bersier|Liverpool John Moores University
Andreas Homeier|University of Bonn
zahra fatemi|sharif university of technology
zahra fatemi|tehran university
taraneh alipur|sharif university of technology
Sapna Sharma|Mohanlal Sukhadia University, Udaipur, Rajasthan, INDIA.
Rakhi Tailor|Mohanlal Sukhadia University, Udaipur, Rajasthan, INDIA.
Lech Piotrowski|University of Warsaw
Mohammad Sadegh Abbasi Shanbehbazari|University of Guilan
Malgorzata Siudek|Center for Theoretical Physics PAS
Basa Stephane|Laboratoire d'Astrophysique de Marseille
Emily Levesque|University of Colorado at Boulder
David Tierney|University College Dublin
Gerard Fitzpatrick|UCD
Z. Funda Bostanci|Sabanci University
Alexander Dietz|University of Mississippi
Palli Jakobsson|University of Iceland
Alexei Pozanenko|Space Research Institute
Gustavo Rocha da Silva|Universidade de São Paulo
Mohammad Sadegh Abbasi Shanbehbazari|University of Guilan
Gabriele Ghisellini|INAF - Osservatorio Astronomico di Brera
Nissim Fraija|Astronomy Institute - UNAM
Jonathan Elliott|MPE
Maryam Arabsalmani|IUCAA
David Coward|University of Western Australia
Steve Schulze|University of Iceland
Andrew C. Collazzi|NASA/ORAU
Dmitry Zaborov|Pennsylvania State University
David Gruber|Max Planck Institute for Extraterrestrial Physics
Giancarlo Ghirlanda|INAF-Osservatorio di Brera
Antonia Rowlinson|University of Amsterdam
Anatoli Iyudin|Moscow State University, Skobeltsyn Institute of Nuclear Physics
Julian Osborne|University of Leicester
Adam Goldstein|University of Alabama in Huntsville
Daisuke Yonetoku|Kanazawa University
Rafael S. de Souza|University of Sao Paulo/Max Planck Institute for Astrophysics
Kenichi Nishikawa|UAH
Gerald Fishman|NASA-Marshall Space Flight Center
Mohammad Sadegh Abbasi Shanbehbazari|University of Guilan
Daniel Perley|Caltech
REETANJALI REETANJALI MOHARANA|Research Scholar (PhD student)
Hans Zinnecker|SOFIA Science Center
Felix Ryde|Royal Institute of Technology
Johan Bregeon|INFN Pisa
Kuntal Misra|Space Telescope Science Institute
József Kóbori|Eötvös University
Stephan Rosswog|Jacobs University Bremen
Amy Lien|NASA/GSFC/ORAU
Takanori Sakamoto|CRESST/UMBC/GSFC
Neil Gehrels|NASA/GSFC
David Burrows|Penn State University
William Paciesas|USRA/NSSTC
Ehud Nakar|Tel Aviv University
Sheila McBreen|University College Dublin
Elisabetta Bissaldi|UIBK
Dieter Hartmann|Clemson University
Chryssa Kouveliotou|NASA/MSFC
Katsuaki Asano|Tokyo Institute of Technology
Ettore Del Monte|INAF IAPS
Jure Japelj|University of Ljubljana
Vladimir Sudilovsky|MPE
Samantha Oates|Mullard Space Science Laboratory, University College London (MSSL-UCL)
Massimiliano De Pasquale|University of Nevada, Las Vegas
Graziella Pizzichini|INAF/IASF Bologna
Houri Ziaeepour|Max-Planck Institut fur Extraterrestrische Physik (MPE)
Sergio Campana|Osservatorio astronomico di Brera
Sylvain Guiriec|NASA Goddard Space Flight Center
Glen MacLachlan|The George Washington University
Wolfgang Voges|MPE
Andrew Fruchter|Space Telescope Science Institute
Tom Koshut|UAHuntsville
Susumu Inoue|Institute for Cosmic Ray Research, University of Tokyo
Zhuo Li|Peking University
Huang Kuiyun|ASIAA
Sanshiro Shibata|Konan University
Michael Briggs|University of Alabama in Hunstville
Gianpiero Tagliaferri|INAF - Osservatorio Astronomico di Brera
Alkiviadis Vlasis|KU Leuven
Juan Carlos Tello|Instituto de Astrofisica de Andalucia (IAA-CSIC)
Lara Nava|APC Paris
Lorenzo Amati|INAF - IASF Bologna
Leslie Hunt|INAF-Osservatorio Astrofisico di Arcetri
Maria Grazia Bernardini|INAF - Osservatorio Astronomico di Brera
Hiroki Nagakura|Kyoto University
Andrew MacFadyen|New York University
Cristiano Guidorzi|University of Ferrara
Robert Mochkovitch|Institut d'Astrophysique de Paris (IAP)
Romain Hascoet|Institut d'Astrophysique de Paris
Ana Virginia Penacchioni|Erasmus Mundus Joint Doctorate IRAP PhD. Student
Raffaella Margutti|Harvard University
Remo Ruffini|ICRANet and Sapienza University of Rome
Carlo Luciano Bianco|ICRANet and Sapienza University of Rome
Agustín Sánchez Losa|IFIC
Jens Hjorth|Dark Cosmology Centre, Niels Bohr Institute, University of Copenhagen
Christina Thöne|IAA - CSIC
Susanna Vergani|INAF-OAB
Friedrich Thielemann|University of Basel
Marco Muccino|University of Rome \"Sapienza\" and ICRA
Xiaoling Zhang|MPE
Wen-fai Fong|Harvard University
Rodrigo Nemmen|NASA GSFC
Bruce Grossan|Extreme Universe Laboratory, Moscow State University, UC Space Science Lab
Daniel Kocevski|Stanford University
Norisuke Ohmori|University of Miyazaki
Eliana Palazzi|IASF/INAF Bologna
Giuseppe Greco|INAF-Bologna Astronomical Observatory
Guido Chincarini|UNIMIB & OAB
Philipp Podsiadlowski|University of Oxford
Giovanni Battista Pisani|Erasmus Mundus Joint Doctorate IRAP PhD. Student
Andrei Beloborodov|Columbia University
Luca Izzo|Sapienza University of Rome and ICRANet
Roger Blandford|KIPAC Stanford
Chris Fryer|LANL
Francis Halzen|Univ Wisconsin
Nobuyuki Kawai|Tokyo Tech
Julie McEnery|NASA/GSFC
Nicola Omodei|KIPAC Stanford
Darach Watson|Dark Cosmology Centre, Niels Bohr Institute
Volker Bromm|University of Texas at Austin
Michael Mihatsch|Bayerisches Staatsministerium f. Wissenschaft, Forschung und Kunst
Markus Garczarczyk|IAC
Roland Diehl|MPE Garching
Gottfried Kanbach|Max-Planck-Institut f. extraterrestrische Physik (ret.)
CHRISTIAN GUEUA KOUNDJO|ARCHIMEDE CAMEROUN
CHRISTIAN GUEUA KOUNDJO|ARCHIMEDE CAMEROUN
Walburga Frankenhuizen|MPE Garching
EBODE ENGAMA Hubertine Laure|IEPD CAMEROUN
Michal Was|Albert Einstein Institute
Andreja Gomboc|University of Ljubljana
